product_id,product_name,category,price
1,Begin Figure,Electronics,306.0
2,Performance Main,Grocery,2016.37
3,Officer Who,Electronics,58.76
4,International Teach,Furniture,1740.6
5,Information Stuff,Sports,1949.17
6,Describe Loss,Toys,3798.86
7,Woman Character,Toys,2239.58
8,Either Contain,Sports,3167.08
9,Already Mission,Electronics,2416.35
10,Partner Three,Electronics,3180.17
11,Figure Life,Electronics,2037.39
12,College Close,Sports,3735.48
13,True System,Furniture,4828.29
14,Party Way,Beauty,2987.09
15,American Test,Clothing,2901.87
16,Behavior Sell,Furniture,136.45
17,Truth Trade,Furniture,2753.71
18,Anything School,Books,3634.57
19,Knowledge Red,Beauty,2047.31
20,Be Sing,Beauty,1272.51
21,Response Last,Grocery,3411.05
22,Simple Hope,Clothing,3130.12
23,Amount West,Sports,3654.13
24,Identify Million,Toys,1427.48
25,High Method,Electronics,1813.21
26,Note Per,Sports,2181.68
27,Talk Bar,Clothing,1168.46
28,Beyond Out,Clothing,1555.91
29,With Future,Automotive,182.99
30,Bit Price,Clothing,3322.05
31,Level Too,Home,252.61
32,Work Pay,Automotive,3721.13
33,Democratic Relationship,Sports,1629.01
34,Approach Positive,Grocery,73.32
35,Son Theory,Sports,3485.53
36,True Far,Books,4280.69
37,Institution Body,Toys,52.67
38,Drug College,Beauty,3705.56
39,Cell Enough,Clothing,2455.62
40,Best Pick,Sports,3339.19
41,Admit Parent,Home,469.48
42,Message Class,Grocery,3873.21
43,Tend Blood,Home,2851.47
44,College Notice,Automotive,2334.97
45,Especially Hospital,Home,1817.18
46,Least When,Electronics,549.83
47,Sell Car,Sports,547.97
48,Writer Develop,Grocery,4279.54
49,Nature Name,Beauty,600.84
50,Prevent Large,Home,4127.48
51,Whatever Resource,Clothing,921.93
52,Seven Partner,Sports,441.99
53,Physical Can,Home,2057.89
54,Become Agent,Beauty,4489.26
55,Place Attention,Books,3784.7
56,Himself Ahead,Toys,623.12
57,Wide Rather,Sports,982.95
58,For Certain,Home,2184.33
59,Idea Increase,Clothing,3626.97
60,Send Ten,Home,2634.97
61,Painting Mind,Sports,2229.6
62,Against Kind,Sports,3618.71
63,Land Much,Books,1941.84
64,High Off,Clothing,2352.6
65,Ask Safe,Automotive,572.48
66,Help Power,Beauty,2612.3
67,Yet Effect,Toys,129.31
68,Sea Court,Clothing,4220.07
69,Accept Play,Grocery,1643.31
70,Huge Anything,Books,4140.74
71,Firm Phone,Beauty,1170.86
72,Door Family,Books,1429.19
73,Situation Church,Beauty,3089.92
74,Stay Many,Clothing,2182.98
75,Special Win,Grocery,2850.63
76,Defense Stop,Clothing,2206.21
77,Understand Pm,Grocery,4481.89
78,Smile Mention,Electronics,334.47
79,Yard Keep,Grocery,3211.48
80,How Skin,Clothing,2599.0
81,Stay Guy,Books,569.36
82,Down With,Books,2495.09
83,Analysis Win,Furniture,4026.05
84,Probably Attack,Automotive,3511.16
85,Research Traditional,Beauty,3973.06
86,Only Expect,Clothing,1038.16
87,Magazine I,Automotive,3915.12
88,Factor With,Electronics,4165.89
89,Lot Eight,Clothing,2576.28
90,Side Democrat,Clothing,611.41
91,Weight Artist,Sports,994.81
92,Game However,Grocery,208.76
93,May You,Toys,2046.65
94,Until Building,Electronics,4672.41
95,Wall Natural,Books,75.21
96,Cold Between,Home,1507.41
97,Information Wish,Home,24.89
98,Again Quality,Sports,3447.44
99,Administration Create,Grocery,2761.19
100,Local Second,Home,4037.74
101,Baby This,Home,4173.71
102,Age Its,Sports,2031.9
103,Field Weight,Toys,1779.21
104,Still Before,Beauty,2726.03
105,Stuff Whose,Grocery,689.86
106,Include Military,Home,1664.89
107,There Edge,Grocery,1020.85
108,Notice Cultural,Books,3691.5
109,Still Mother,Home,3351.97
110,Meeting Book,Furniture,771.4
111,Walk Almost,Electronics,1732.84
112,Know Later,Clothing,2019.76
113,President Skill,Automotive,4627.04
114,Program Two,Sports,2783.08
115,Source Scientist,Automotive,1907.42
116,Election Marriage,Books,4509.54
117,Possible Soldier,Home,1865.5
118,Indicate Teach,Grocery,1871.79
119,You True,Toys,1991.66
120,Paper Behind,Books,1769.66
121,Goal World,Beauty,4075.55
122,Explain Fund,Toys,1989.5
123,Month Old,Electronics,1161.87
124,Policy Laugh,Books,672.31
125,Fly Court,Electronics,2542.87
126,Many Policy,Furniture,2938.47
127,Person Couple,Sports,2867.14
128,Again Effect,Beauty,1730.72
129,Stop Technology,Grocery,193.1
130,Price Phone,Beauty,4911.36
131,Air Loss,Electronics,2382.12
132,Article Evidence,Home,4090.42
133,Trouble Certainly,Clothing,3637.47
134,After Stop,Furniture,2244.96
135,Understand Event,Home,3587.89
136,Right Serve,Toys,3428.69
137,Single Individual,Automotive,131.7
138,Late American,Grocery,3844.3
139,Teacher Popular,Home,4017.5
140,Team Action,Home,1342.42
141,Artist Likely,Automotive,852.59
142,Simple Real,Home,1046.06
143,Task More,Books,2107.9
144,Energy Represent,Automotive,4332.85
145,Oil Wear,Automotive,4352.51
146,Interview Six,Toys,1968.59
147,Town Any,Toys,1863.65
148,Simply Family,Electronics,4187.23
149,Candidate Paper,Sports,4403.62
150,Policy Weight,Clothing,3549.53
151,Example Result,Books,409.12
152,Possible With,Books,1712.46
153,Doctor Myself,Sports,3223.67
154,Might Campaign,Sports,797.3
155,When Space,Furniture,2137.35
156,News Security,Furniture,3323.22
157,Might Cell,Automotive,1822.16
158,Customer Account,Home,2978.1
159,Most Quite,Books,3964.74
160,Discover Meet,Automotive,2955.42
161,Result Human,Grocery,4581.46
162,Ten Cultural,Grocery,2474.82
163,Than Day,Sports,1964.68
164,Cost Action,Books,1187.07
165,Table Level,Books,2805.48
166,Check Base,Electronics,2657.48
167,Place Capital,Toys,4106.37
168,Serious Ability,Clothing,673.28
169,Senior Make,Furniture,2346.77
170,Physical Write,Grocery,879.26
171,Actually Establish,Sports,4121.74
172,Out Ground,Home,4353.08
173,Success Guy,Beauty,461.9
174,Simple Say,Electronics,4467.13
175,Course Boy,Clothing,3818.04
176,They Alone,Beauty,3948.28
177,Series Night,Grocery,3886.8
178,Short Good,Automotive,101.68
179,Listen Will,Beauty,3901.74
180,Same Along,Toys,1876.04
181,Because Consider,Automotive,2400.32
182,Impact Around,Home,2238.11
183,Give Size,Furniture,3859.22
184,Both Themselves,Beauty,4550.72
185,Government Executive,Books,1787.16
186,Special Hard,Toys,219.88
187,Camera Maintain,Grocery,1426.39
188,Light While,Clothing,2732.06
189,Despite Example,Automotive,2715.38
190,Later Pm,Clothing,4434.15
191,Success Whole,Grocery,1068.9
192,Security Out,Automotive,52.81
193,Field Collection,Electronics,2546.72
194,Become Hour,Furniture,2424.8
195,Example Contain,Grocery,4702.51
196,Rather Attorney,Books,561.26
197,Room Civil,Home,297.3
198,Material Itself,Electronics,2340.22
199,Beat Property,Grocery,272.69
200,Message Prove,Beauty,291.21
201,Early Someone,Home,2135.39
202,Budget Together,Toys,413.32
203,Catch Week,Clothing,3163.59
204,Challenge Add,Furniture,145.16
205,City Into,Books,1159.6
206,Office Result,Clothing,58.38
207,Green Financial,Grocery,410.5
208,Election Piece,Furniture,2502.05
209,Daughter Not,Clothing,3862.32
210,Draw Stop,Automotive,2618.15
211,Perform Thus,Automotive,1483.24
212,Say Institution,Beauty,392.06
213,Daughter Because,Home,4106.95
214,Together Property,Electronics,1131.3
215,Interesting Catch,Toys,2210.43
216,Someone Create,Home,4027.27
217,Hand Offer,Clothing,591.4
218,Hospital Understand,Clothing,2189.87
219,Rest Tree,Books,2928.98
220,Maybe Like,Clothing,4122.21
221,Turn Lot,Electronics,2407.88
222,Western Some,Furniture,1912.63
223,Help Service,Furniture,2680.01
224,Stand Speech,Electronics,2136.12
225,Game War,Home,933.17
226,Issue Would,Electronics,2713.66
227,Though Culture,Books,2006.73
228,Perhaps Raise,Home,4828.71
229,Story Moment,Clothing,809.91
230,Determine Son,Books,2678.31
231,Claim Major,Furniture,813.01
232,Clearly Away,Sports,254.75
233,Prevent Cut,Electronics,1896.82
234,Black Book,Clothing,690.15
235,Media Argue,Grocery,2109.09
236,Others Doctor,Sports,3044.17
237,Road Guess,Electronics,3687.26
238,Upon West,Toys,3046.7
239,Need Area,Books,2001.36
240,Simply Institution,Home,4783.17
241,Business Toward,Beauty,408.59
242,Performance True,Automotive,3391.21
243,Partner Remember,Furniture,1279.54
244,Individual Compare,Toys,1263.19
245,Size Cultural,Grocery,1597.19
246,Country Religious,Grocery,3782.39
247,Rise Born,Home,2437.23
248,Low Article,Home,1263.3
249,Those Size,Toys,4219.71
250,Create Red,Clothing,4467.11
251,Member Message,Home,4580.98
252,Really Happy,Beauty,4858.44
253,Strong Better,Home,4522.06
254,Time Southern,Books,2502.09
255,List Writer,Books,1962.95
256,These Great,Toys,4077.2
257,Project Shoulder,Grocery,499.53
258,Protect Fall,Books,20.57
259,Continue Again,Furniture,1779.56
260,Government Candidate,Grocery,1256.07
261,None Do,Clothing,1599.73
262,Campaign Myself,Grocery,4096.69
263,Ask Treat,Books,2542.44
264,Sign Mention,Beauty,3044.52
265,Site Situation,Books,2099.84
266,Rise Between,Clothing,985.84
267,Interview Move,Beauty,3760.6
268,Have World,Automotive,3729.49
269,Need Around,Home,4136.71
270,Probably Race,Electronics,1589.1
271,Raise Final,Furniture,2007.93
272,Live Bit,Sports,155.08
273,Know Discuss,Automotive,4070.61
274,Growth Baby,Toys,1450.84
275,Suffer Night,Furniture,3492.82
276,Project Herself,Automotive,3721.24
277,Dinner Most,Books,4809.95
278,Item Police,Clothing,3461.9
279,Teach Travel,Grocery,138.57
280,Place Down,Toys,1552.15
281,Half Lead,Home,4663.03
282,Big News,Automotive,2179.9
283,Various Him,Sports,3944.92
284,Significant Sort,Books,2244.94
285,Before Series,Books,4110.14
286,Some Region,Toys,3552.11
287,Might Thing,Home,1578.84
288,Surface Receive,Home,4623.99
289,Wear National,Grocery,576.65
290,Hold Evidence,Furniture,2367.17
291,Likely Ball,Electronics,1235.39
292,Fund Opportunity,Clothing,3928.88
293,Miss Dream,Books,2440.72
294,Experience Use,Grocery,2725.84
295,Perform Along,Home,550.51
296,Into Just,Clothing,2153.12
297,Cause Board,Automotive,619.77
298,Continue Cup,Home,3217.35
299,Away Participant,Grocery,2747.07
300,Sea Way,Toys,3035.64
301,Anyone Lay,Books,1157.11
302,Protect Most,Clothing,2113.81
303,Third Race,Clothing,2598.14
304,Return Fly,Books,826.84
305,Bill Eight,Books,538.91
306,Agency Amount,Clothing,3670.79
307,Example Range,Electronics,957.12
308,Sense Make,Clothing,4380.49
309,None Under,Sports,1024.6
310,Now New,Sports,1470.29
311,Impact Reflect,Toys,4582.8
312,Win Pull,Home,2066.81
313,Color Security,Books,4278.91
314,Interview Religious,Electronics,1898.63
315,Both White,Toys,3539.6
316,Approach Already,Grocery,1286.41
317,Field Memory,Automotive,2205.97
318,Myself Analysis,Books,3178.6
319,Network Voice,Sports,1461.03
320,Particular Mind,Home,3837.66
321,Social Seat,Beauty,1594.09
322,Media Whom,Furniture,1910.77
323,Order Section,Sports,3656.86
324,Best Production,Books,3116.29
325,That My,Electronics,701.51
326,These Thus,Home,2013.48
327,Speech Watch,Electronics,2519.31
328,Instead Tend,Sports,3498.29
329,Home Writer,Grocery,553.93
330,Born Civil,Furniture,2357.24
331,Rather Property,Clothing,355.37
332,Site Store,Grocery,4811.47
333,Important Base,Furniture,2211.6
334,Unit Court,Beauty,2364.74
335,Image Word,Beauty,3589.65
336,Soon Environmental,Automotive,3017.83
337,Then Good,Books,4527.4
338,Issue College,Home,2792.9
339,Energy Accept,Toys,775.51
340,Often Figure,Toys,4061.92
341,Special Goal,Automotive,1400.18
342,Baby Itself,Sports,3017.13
343,Worry Low,Grocery,2393.44
344,Option Move,Grocery,2381.14
345,On Senior,Furniture,3306.28
346,Film Sure,Books,443.32
347,Must Behind,Sports,2349.48
348,Four Image,Furniture,4183.07
349,Reduce Mother,Toys,405.59
350,Wonder Onto,Beauty,4403.12
351,Area Media,Beauty,1485.85
352,Night Affect,Sports,2178.13
353,Interview Season,Beauty,2922.1
354,Community Little,Beauty,3530.6
355,Animal Similar,Home,4932.15
356,Wall Performance,Automotive,1184.85
357,Majority Land,Furniture,4838.71
358,Seven Pretty,Furniture,2407.23
359,Year Security,Grocery,506.5
360,Rich Try,Home,4878.75
361,Song Skill,Electronics,3433.88
362,Everybody Late,Home,40.89
363,A Machine,Clothing,2842.18
364,Economy Huge,Home,4779.73
365,Big Be,Home,2656.01
366,Cell Old,Grocery,4768.17
367,Reason Ability,Home,2258.37
368,Official Admit,Automotive,1846.1
369,Compare Treat,Automotive,3768.42
370,Season More,Beauty,948.34
371,Bank Choose,Electronics,4425.31
372,International International,Automotive,248.82
373,Guess Keep,Sports,4464.54
374,Approach Including,Furniture,1749.47
375,Forward Anyone,Beauty,1697.36
376,Toward Work,Books,1535.5
377,Continue Step,Toys,2965.45
378,International Green,Home,4084.6
379,Contain Best,Books,934.9
380,Clearly Year,Automotive,2127.74
381,Born Notice,Grocery,1865.62
382,Memory Among,Automotive,1529.89
383,Word Ready,Electronics,952.79
384,Race Suggest,Sports,1475.97
385,Write Half,Home,3857.37
386,Particular Day,Furniture,4757.39
387,Pay Leg,Clothing,1659.38
388,Yet Word,Home,3447.05
389,Account Rich,Books,128.41
390,Drug Get,Clothing,1227.72
391,Worker Tax,Toys,3863.43
392,Within Avoid,Automotive,3317.33
393,Plan Media,Beauty,4432.72
394,Personal Area,Furniture,2040.23
395,Where Key,Sports,690.84
396,Pull His,Clothing,1906.9
397,Speak Politics,Electronics,1780.28
398,Trip Sing,Beauty,883.86
399,True Name,Books,2957.57
400,Boy Until,Home,3404.37
401,Reveal Vote,Home,3791.9
402,Either Course,Books,830.94
403,Difficult Here,Furniture,4499.74
404,Want Property,Furniture,3802.71
405,Situation President,Automotive,3436.64
406,Stop Ahead,Automotive,2007.5
407,Church Career,Grocery,2298.28
408,Big Data,Grocery,920.81
409,Investment Single,Clothing,194.18
410,Might Traditional,Beauty,820.74
411,I Drop,Clothing,1808.76
412,Treat Law,Electronics,2583.75
413,Rich Though,Furniture,3559.95
414,Room Pm,Electronics,119.29
415,Consumer At,Books,4746.57
416,Especially Staff,Electronics,1320.75
417,Attack Speech,Automotive,3969.29
418,Poor Others,Sports,261.98
419,Even Prove,Automotive,2993.47
420,Dream Entire,Grocery,2499.62
421,Production Type,Beauty,851.76
422,Field Before,Automotive,2610.71
423,More Leader,Books,3563.5
424,Interest Final,Toys,4199.92
425,Business Listen,Clothing,3439.62
426,Step Result,Beauty,3284.64
427,Perform Explain,Beauty,1036.68
428,Perhaps Discuss,Grocery,2097.71
429,Mind Music,Sports,2715.33
430,Head Poor,Sports,4040.69
431,Choice Development,Furniture,3359.67
432,Might House,Books,2248.15
433,Brother Want,Automotive,2812.74
434,Population East,Grocery,4023.73
435,Perhaps Charge,Sports,3189.1
436,How Project,Sports,2780.27
437,Establish Understand,Books,4442.12
438,Agreement Action,Beauty,2573.27
439,Hot Go,Electronics,4974.19
440,Face Card,Automotive,1239.59
441,Prevent Free,Books,1790.88
442,Sort Young,Clothing,4013.32
443,Sense Federal,Furniture,2985.34
444,Sure Of,Toys,4809.07
445,Feeling Minute,Beauty,1969.94
446,Change Thing,Sports,4989.75
447,Beyond Over,Electronics,2036.14
448,Others Arm,Clothing,4966.66
449,Figure Issue,Home,3839.6
450,Long Result,Grocery,835.78
451,Water Miss,Toys,2491.3
452,Environment Democratic,Sports,3616.83
453,Time Way,Books,4184.17
454,Her Network,Toys,4195.44
455,Security Note,Automotive,1270.5
456,Note Mission,Grocery,886.62
457,Despite Respond,Automotive,852.38
458,After Learn,Automotive,1664.01
459,Task North,Grocery,2728.72
460,Necessary Major,Automotive,3114.98
461,Piece Song,Automotive,4615.84
462,Person Simply,Grocery,463.17
463,Now Beautiful,Home,198.67
464,Behavior Research,Home,688.28
465,Around Amount,Grocery,4177.35
466,Every Message,Beauty,497.48
467,Lawyer Strong,Home,2646.39
468,Individual Share,Grocery,935.47
469,Open Become,Books,351.53
470,Test National,Books,1426.71
471,Recognize Keep,Clothing,684.64
472,Raise Hour,Clothing,851.33
473,Either Tonight,Sports,1858.11
474,Democratic With,Sports,380.16
475,Two Throw,Electronics,3709.77
476,Try Conference,Clothing,317.99
477,Center Part,Beauty,1020.65
478,Sea Last,Beauty,4970.48
479,Suggest Radio,Electronics,1661.48
480,Clearly There,Clothing,3407.66
481,Especially On,Home,301.28
482,Cause Citizen,Furniture,4517.38
483,By Trial,Home,1352.61
484,Weight Able,Home,3489.13
485,Use Social,Beauty,2004.47
486,Top Beautiful,Clothing,3538.53
487,Could Customer,Automotive,3428.74
488,Interesting Seven,Beauty,55.81
489,White Movement,Furniture,4420.52
490,Mention Worker,Sports,1855.02
491,Cover Cultural,Books,1715.9
492,Sell Similar,Toys,2996.18
493,None Meet,Clothing,1500.97
494,East Stop,Furniture,4281.3
495,Necessary Necessary,Electronics,2824.25
496,Exist Night,Sports,379.98
497,Parent Professor,Books,4349.2
498,Girl Window,Grocery,1335.63
499,Product Skill,Grocery,4335.7
500,Care Fish,Grocery,3399.28
